{"cameraMode":{"drawMode":0,"name":"Shaded","section":"Shading Mode"},"sceneLighting":false,"audioPlay":false,"sceneViewState":{"m_AlwaysRefresh":true,"showFog":true,"showSkybox":false,"showFlares":true,"showImageEffects":false,"showParticleSystems":true,"showVisualEffectGraphs":true,"m_FxEnabled":false},"in2DMode":false,"pivot":{"x":18.788740158081056,"y":0.0049991607666015629,"z":2.0820000171661379},"rotation":{"x":0.26785239577293398,"y":0.6461020708084106,"z":-0.25993651151657107,"w":0.6657800078392029},"size":0.7538684010505676,"orthographic":false}