{"cameraMode":{"drawMode":0,"name":"Shaded","section":"Shading Mode"},"sceneLighting":true,"audioPlay":false,"sceneViewState":{"m_AlwaysRefresh":true,"showFog":true,"showSkybox":true,"showFlares":true,"showImageEffects":false,"showParticleSystems":true,"showVisualEffectGraphs":true,"m_FxEnabled":true},"in2DMode":false,"pivot":{"x":149.88880920410157,"y":-2.9247360229492189,"z":-60.079498291015628},"rotation":{"x":0.22200459241867066,"y":-0.14709903299808503,"z":0.03388329967856407,"w":0.9633207321166992},"size":12.006082534790039,"orthographic":false}