{"cameraMode":{"drawMode":0,"name":"Shaded","section":"Shading Mode"},"sceneLighting":true,"audioPlay":false,"sceneViewState":{"m_AlwaysRefresh":true,"showFog":true,"showSkybox":true,"showFlares":true,"showImageEffects":false,"showParticleSystems":true,"showVisualEffectGraphs":true,"m_FxEnabled":false},"in2DMode":false,"pivot":{"x":124.43898010253906,"y":9.855796813964844,"z":-6.2656683921813969},"rotation":{"x":-0.015163315460085869,"y":-0.9512163996696472,"z":0.04742543026804924,"w":-0.30459144711494448},"size":11.836711883544922,"orthographic":false}