{"cameraMode":{"drawMode":0,"name":"Shaded","section":"Shading Mode"},"sceneLighting":true,"audioPlay":false,"sceneViewState":{"m_AlwaysRefresh":true,"showFog":true,"showSkybox":true,"showFlares":true,"showImageEffects":false,"showParticleSystems":true,"showVisualEffectGraphs":true,"m_FxEnabled":true},"in2DMode":false,"pivot":{"x":182.29042053222657,"y":19.43791389465332,"z":-197.35052490234376},"rotation":{"x":-0.00543190399184823,"y":0.9900078773498535,"z":0.040128812193870547,"w":0.13609692454338075},"size":93.69923400878906,"orthographic":false}