{"cameraMode":{"drawMode":0,"name":"Shaded","section":"Shading Mode"},"sceneLighting":true,"audioPlay":false,"sceneViewState":{"m_AlwaysRefresh":true,"showFog":true,"showSkybox":true,"showFlares":true,"showImageEffects":false,"showParticleSystems":true,"showVisualEffectGraphs":true,"m_FxEnabled":true},"in2DMode":false,"pivot":{"x":116.39239501953125,"y":-48.54519271850586,"z":129.31515502929688},"rotation":{"x":0.15370695292949677,"y":-0.050193388015031818,"z":0.007837631739675999,"w":0.9869437217712402},"size":93.69923400878906,"orthographic":false}