{"cameraMode":{"drawMode":0,"name":"Shaded","section":"Shading Mode"},"sceneLighting":false,"audioPlay":false,"sceneViewState":{"m_AlwaysRefresh":true,"showFog":true,"showSkybox":true,"showFlares":true,"showImageEffects":false,"showParticleSystems":true,"showVisualEffectGraphs":true,"m_FxEnabled":false},"in2DMode":false,"pivot":{"x":125.05022430419922,"y":29.283071517944337,"z":10.238277435302735},"rotation":{"x":-0.023205002769827844,"y":-0.9726719856262207,"z":0.11168095469474793,"w":-0.20246179401874543},"size":1.6482802629470826,"orthographic":false}