{"cameraMode":{"drawMode":0,"name":"Shaded","section":"Shading Mode"},"sceneLighting":false,"audioPlay":false,"sceneViewState":{"m_AlwaysRefresh":true,"showFog":true,"showSkybox":true,"showFlares":true,"showImageEffects":false,"showParticleSystems":true,"showVisualEffectGraphs":true,"m_FxEnabled":false},"in2DMode":false,"pivot":{"x":47.81645584106445,"y":14.821771621704102,"z":42.63373947143555},"rotation":{"x":0.0047326828353106979,"y":0.9733024835586548,"z":0.22860099375247956,"w":-0.02014908380806446},"size":1.6482802629470826,"orthographic":false}