{"cameraMode":{"drawMode":0,"name":"Shaded","section":"Shading Mode"},"sceneLighting":true,"audioPlay":false,"sceneViewState":{"m_AlwaysRefresh":true,"showFog":true,"showSkybox":true,"showFlares":true,"showImageEffects":false,"showParticleSystems":true,"showVisualEffectGraphs":true,"m_FxEnabled":true},"in2DMode":false,"pivot":{"x":139.59478759765626,"y":-8.979052543640137,"z":-62.25063705444336},"rotation":{"x":0.26989611983299258,"y":-0.48571714758872988,"z":0.16067783534526826,"w":0.8157764077186585},"size":12.006082534790039,"orthographic":false}