{"cameraMode":{"drawMode":0,"name":"Shaded","section":"Shading Mode"},"sceneLighting":true,"audioPlay":false,"sceneViewState":{"m_AlwaysRefresh":true,"showFog":true,"showSkybox":true,"showFlares":true,"showImageEffects":false,"showParticleSystems":true,"showVisualEffectGraphs":true,"m_FxEnabled":false},"in2DMode":false,"pivot":{"x":-56.03648376464844,"y":16.261859893798829,"z":38.476776123046878},"rotation":{"x":-0.012522662058472634,"y":0.6511356830596924,"z":-0.01074331533163786,"w":-0.7587862610816956},"size":56.09421920776367,"orthographic":false}