{"cameraMode":{"drawMode":0,"name":"Shaded","section":"Shading Mode"},"sceneLighting":true,"audioPlay":false,"sceneViewState":{"m_AlwaysRefresh":true,"showFog":true,"showSkybox":true,"showFlares":true,"showImageEffects":false,"showParticleSystems":true,"showVisualEffectGraphs":true,"m_FxEnabled":false},"in2DMode":false,"pivot":{"x":-5.2492828369140629,"y":0.32138538360595705,"z":3.5852231979370119},"rotation":{"x":0.2698485851287842,"y":-0.02281484752893448,"z":0.006374378222972155,"w":0.962626576423645},"size":7.621985912322998,"orthographic":false}