{"cameraMode":{"drawMode":0,"name":"Shaded","section":"Shading Mode"},"sceneLighting":true,"audioPlay":false,"sceneViewState":{"m_AlwaysRefresh":true,"showFog":true,"showSkybox":true,"showFlares":true,"showImageEffects":false,"showParticleSystems":true,"showVisualEffectGraphs":true,"m_FxEnabled":false},"in2DMode":false,"pivot":{"x":-10.351876258850098,"y":0.07675060629844666,"z":1.6006863117218018},"rotation":{"x":-0.08260492980480194,"y":0.8848888874053955,"z":-0.17203985154628755,"w":-0.42518535256385805},"size":0.3864617347717285,"orthographic":false}