{"cameraMode":{"drawMode":0,"name":"Shaded","section":"Shading Mode"},"sceneLighting":true,"audioPlay":false,"sceneViewState":{"m_AlwaysRefresh":true,"showFog":true,"showSkybox":true,"showFlares":true,"showImageEffects":false,"showParticleSystems":true,"showVisualEffectGraphs":true,"m_FxEnabled":true},"in2DMode":false,"pivot":{"x":212.9612579345703,"y":29.751712799072267,"z":-185.96112060546876},"rotation":{"x":-0.013659128919243813,"y":0.9740687012672424,"z":0.06146441772580147,"w":0.21778224408626557},"size":93.69923400878906,"orthographic":false}