{"cameraMode":{"drawMode":0,"name":"Shaded","section":"Shading Mode"},"sceneLighting":true,"audioPlay":false,"sceneViewState":{"m_AlwaysRefresh":true,"showFog":true,"showSkybox":true,"showFlares":true,"showImageEffects":false,"showParticleSystems":true,"showVisualEffectGraphs":true,"m_FxEnabled":true},"in2DMode":false,"pivot":{"x":22.048770904541017,"y":5.808493137359619,"z":52.62721633911133},"rotation":{"x":0.013468395918607712,"y":0.06709612160921097,"z":-0.0009429106721654534,"w":0.9977062940597534},"size":12.006082534790039,"orthographic":false}