{"cameraMode":{"drawMode":0,"name":"Shaded","section":"Shading Mode"},"sceneLighting":false,"audioPlay":false,"sceneViewState":{"m_AlwaysRefresh":true,"showFog":true,"showSkybox":true,"showFlares":true,"showImageEffects":false,"showParticleSystems":true,"showVisualEffectGraphs":true,"m_FxEnabled":false},"in2DMode":false,"pivot":{"x":104.11211395263672,"y":28.812345504760743,"z":37.65150833129883},"rotation":{"x":-0.055135298520326617,"y":0.814235270023346,"z":-0.07840793579816818,"w":-0.5725966691970825},"size":0.5744584202766419,"orthographic":false}