{"cameraMode":{"drawMode":0,"name":"Shaded","section":"Shading Mode"},"sceneLighting":true,"audioPlay":false,"sceneViewState":{"m_AlwaysRefresh":true,"showFog":true,"showSkybox":true,"showFlares":true,"showImageEffects":false,"showParticleSystems":true,"showVisualEffectGraphs":true,"m_FxEnabled":false},"in2DMode":false,"pivot":{"x":16.471851348876954,"y":2.734677314758301,"z":3.484363317489624},"rotation":{"x":0.013663498684763909,"y":0.700402557849884,"z":0.013474765233695507,"w":-0.7135578393936157},"size":11.836711883544922,"orthographic":false}