{"cameraMode":{"drawMode":0,"name":"Shaded","section":"Shading Mode"},"sceneLighting":true,"audioPlay":false,"sceneViewState":{"m_AlwaysRefresh":true,"showFog":true,"showSkybox":true,"showFlares":true,"showImageEffects":false,"showParticleSystems":true,"showVisualEffectGraphs":true,"m_FxEnabled":false},"in2DMode":false,"pivot":{"x":121.1964111328125,"y":1.6334898471832276,"z":-4.249588966369629},"rotation":{"x":-0.004108762368559837,"y":0.9533130526542664,"z":-0.012858963571488858,"w":-0.3018103539943695},"size":1.2791396379470826,"orthographic":false}