{"cameraMode":{"drawMode":0,"name":"Shaded","section":"Shading Mode"},"sceneLighting":false,"audioPlay":false,"sceneViewState":{"m_AlwaysRefresh":true,"showFog":true,"showSkybox":true,"showFlares":true,"showImageEffects":false,"showParticleSystems":true,"showVisualEffectGraphs":true,"m_FxEnabled":false},"in2DMode":false,"pivot":{"x":20.587507247924806,"y":4.044334411621094,"z":-23.828006744384767},"rotation":{"x":0.14516060054302216,"y":-0.043006833642721179,"z":0.006608718540519476,"w":0.9885675311088562},"size":1.6482802629470826,"orthographic":false}