{"cameraMode":{"drawMode":0,"name":"Shaded","section":"Shading Mode"},"sceneLighting":false,"audioPlay":false,"sceneViewState":{"m_AlwaysRefresh":true,"showFog":true,"showSkybox":false,"showFlares":true,"showImageEffects":false,"showParticleSystems":true,"showVisualEffectGraphs":true,"m_FxEnabled":true},"in2DMode":false,"pivot":{"x":17.512239456176759,"y":3.937465190887451,"z":47.108299255371097},"rotation":{"x":0.013468395918607712,"y":0.06709612160921097,"z":-0.0009429106721654534,"w":0.9977062940597534},"size":6.399984836578369,"orthographic":false}