{"cameraMode":{"drawMode":0,"name":"Shaded","section":"Shading Mode"},"sceneLighting":false,"audioPlay":false,"sceneViewState":{"m_AlwaysRefresh":true,"showFog":true,"showSkybox":true,"showFlares":true,"showImageEffects":false,"showParticleSystems":true,"showVisualEffectGraphs":true,"m_FxEnabled":false},"in2DMode":false,"pivot":{"x":62.051849365234378,"y":31.866249084472658,"z":24.643705368041993},"rotation":{"x":-0.13570916652679444,"y":0.8160461783409119,"z":-0.21299993991851808,"w":-0.5199883580207825},"size":15.920119285583496,"orthographic":false}