{"cameraMode":{"drawMode":0,"name":"Shaded","section":"Shading Mode"},"sceneLighting":false,"audioPlay":false,"sceneViewState":{"m_AlwaysRefresh":true,"showFog":true,"showSkybox":true,"showFlares":true,"showImageEffects":false,"showParticleSystems":true,"showVisualEffectGraphs":true,"m_FxEnabled":false},"in2DMode":false,"pivot":{"x":4.086036205291748,"y":4.819258689880371,"z":-41.09968948364258},"rotation":{"x":0.004602965898811817,"y":-0.9952544569969177,"z":-0.059477951377630237,"w":-0.07718122750520706},"size":15.920119285583496,"orthographic":false}