{"cameraMode":{"drawMode":0,"name":"Shaded","section":"Shading Mode"},"sceneLighting":false,"audioPlay":false,"sceneViewState":{"m_AlwaysRefresh":true,"showFog":true,"showSkybox":false,"showFlares":true,"showImageEffects":false,"showParticleSystems":true,"showVisualEffectGraphs":true,"m_FxEnabled":true},"in2DMode":false,"pivot":{"x":-5.518084526062012,"y":3.51814341545105,"z":-0.9328436851501465},"rotation":{"x":0.000253022852120921,"y":0.9989109635353088,"z":-0.04948592185974121,"w":0.0030906940810382368},"size":6.093689918518066,"orthographic":false}