{"cameraMode":{"drawMode":0,"name":"Shaded","section":"Shading Mode"},"sceneLighting":false,"audioPlay":false,"sceneViewState":{"m_AlwaysRefresh":true,"showFog":true,"showSkybox":false,"showFlares":true,"showImageEffects":false,"showParticleSystems":true,"showVisualEffectGraphs":true,"m_FxEnabled":false},"in2DMode":false,"pivot":{"x":-0.3279399871826172,"y":1.8509752750396729,"z":-2.9756593704223635},"rotation":{"x":0.04412708804011345,"y":0.40454524755477908,"z":-0.019619153812527658,"w":0.9132604002952576},"size":3.8643109798431398,"orthographic":false}